travelDocument,firstName,lastName
16610515-2992,Colton,Horn
16140805-3104,Gillian,Mcdonald
16090903-1809,Troy,Gonzales
16980712-2024,Joan,Pittman
16800517-6485,Abdul,Sexton
16870912-4617,McKenzie,Clayton
16110206-6022,Joseph,Sellers
16090703-4078,Levi,Macias
16641007-4782,Jillian,Cardenas
16031229-8268,Reagan,Patel
16990322-0029,Jamalia,Strickland
16711124-7495,Keith,Rivas
16920216-8358,Chloe,Newman
16100528-7683,Martina,Hammond
16351006-8632,Serina,Washington
16060325-8625,Regina,Henson
16991015-1423,Natalie,Moss
16160304-0336,Paul,Barlow
16190219-6698,Cruz,Fuller
16910606-5783,Libby,Gallagher
16450226-1243,Chaney,Stanton
16050402-0173,Micah,Mullen
16891219-7517,Unity,Evans
16860723-8055,Maxine,Woodard
16040530-9543,Amir,Bryant
16910501-5979,Vernon,Burnett
16340528-0565,Luke,Glass
16740903-9638,Phelan,Conner
16890806-7732,Ingrid,Sweet
16850904-0880,Ralph,Osborne
16810114-0682,David,Parsons
16470315-5103,Lawrence,Whitfield
16480502-9560,Alea,Kaufman
16150423-5282,Aurelia,Reyes
16360928-2953,Ebony,Sandoval
16050604-5038,Keiko,Good
16101007-7111,Noelle,Wright
16930417-0237,Indigo,Osborn
16780120-3824,Kitra,Levy
16060510-0759,Raymond,Moon
16870127-4261,Michelle,Noble
16160922-8588,Porter,Brown
16490621-7072,Aphrodite,Taylor
16660906-5948,Kylie,Hopper
16931205-5859,Ila,Duke
16780520-7797,Imani,Myers
16120511-2749,Buffy,Montoya
16650229-7226,Keane,Stein
16910613-5115,Tanner,Fry
16490904-1982,Walter,Mullins
16260227-4298,Clementine,Spears
16580430-8590,Wesley,Pennington
16890717-8282,Idola,Levy
16920609-4733,Carlos,Curry
16111009-2648,Yeo,Moses
16670111-8249,Elizabeth,Carter
16170930-1624,Barry,Leach
16670311-9898,Winter,Norris
16491201-6724,Carolyn,Hall
16061230-7694,Martin,Huff
16150310-2319,Candice,Rush
16870429-5081,Mollie,Mathis
16360709-1679,Hiroko,Gay
16090327-1120,Alexander,Edwards
16381206-7498,Gwendolyn,Maddox
16010823-3214,Evangeline,Cabrera
16580718-5201,Lester,Sherman
16191226-6457,Keaton,Pickett
16680307-1361,Casey,Wolfe
16840928-5155,Thane,Strong
16131128-1933,Meredith,Holloway
16000228-9684,Josiah,Holcomb
16261029-9600,Germaine,Mayo
16101008-5239,Desiree,Weaver
16940122-5850,Taylor,Armstrong
16070614-5166,Burton,Sharp
16450413-7565,Abel,England
16500402-9038,Robin,Orr
16410417-1642,Lawrence,Suarez
16581104-5979,Iola,Armstrong
16520703-3324,Hedley,Lynch
16271225-4412,Josephine,Riggs
16520915-2577,Lyle,Hines
16560308-7742,Kirk,Avila
16430425-9379,Roary,Armstrong
16451017-8900,Len,Duke
16550923-8845,Bianca,Gibbs
16891029-9851,Beverly,Glover
16581130-0689,Melvin,Matthews
16960109-5889,Ezra,Foreman
16161111-3711,Nora,Martin
16440526-2314,Hanna,Case
16600221-0950,Kiayada,Hickman
16550624-6338,Brittany,Garza
16761025-0172,Alexandra,Estrada
16870601-4985,Janna,Wall
16490305-3546,Fulton,Blair
16400921-6765,Amir,Franklin
16590402-3420,Flynn,Gibson
16510109-6732,Natalie,Charles